{"psnr_OUR_de": 0.2665214538574219, "psnr_EDVR_de": 1.5264911651611328, "_runtime": 55, "_timestamp": 1642065249, "_step": 244, "_wandb": {"runtime": 50}}