{"psnr_OUR_de": 1.6489505767822266, "psnr_EDVR_de": 1.5148582458496094, "_runtime": 25, "_timestamp": 1643791543, "_step": 48, "_wandb": {"runtime": 24}}