{"psnr_OUR_de": 0.8969192504882812, "psnr_EDVR_de": 0.6485729217529297, "_runtime": 215, "_timestamp": 1642072269, "_step": 244, "_wandb": {"runtime": 210}}