{"psnr_OUR_de": 3.050830841064453, "psnr_EDVR_de": 3.199625015258789, "_runtime": 94, "_timestamp": 1643789614, "_step": 99, "_wandb": {"runtime": 92}}