{"psnr_OUR_de": 1.7398147583007812, "psnr_EDVR_de": 1.7895393371582031, "_runtime": 30, "_timestamp": 1642069064, "_step": 99, "_wandb": {"runtime": 26}}