{"psnr_OUR_de": 1.4832725524902344, "psnr_EDVR_de": 1.3727340698242188, "_runtime": 25, "_timestamp": 1643791245, "_step": 40, "_wandb": {"runtime": 22}}