{"psnr_OUR_de": 1.801767349243164, "psnr_EDVR_de": 1.7054824829101562, "_runtime": 31, "_timestamp": 1642055009, "_step": 99, "_wandb": {"runtime": 25}}