{"psnr_OUR_de": 1.4501686096191406, "psnr_EDVR_de": 1.207998275756836, "_runtime": 78, "_timestamp": 1642070229, "_step": 83, "_wandb": {"runtime": 76}}