{"psnr_OUR_de": 1.7398052215576172, "psnr_EDVR_de": 1.7895336151123047, "_runtime": 28, "_timestamp": 1642068992, "_step": 99, "_wandb": {"runtime": 25}}