{"psnr_OUR_de": 1.120382308959961, "psnr_EDVR_de": 1.201314926147461, "_runtime": 217, "_timestamp": 1642068589, "_step": 244, "_wandb": {"runtime": 212}}