{"psnr_OUR_de": 1.2488059997558594, "psnr_EDVR_de": 1.4838123321533203, "_runtime": 55, "_timestamp": 1642065454, "_step": 244, "_wandb": {"runtime": 49}}