{"psnr_OUR_de": 1.4180221557617188, "psnr_EDVR_de": 1.2013053894042969, "_runtime": 55, "_timestamp": 1642069908, "_step": 244, "_wandb": {"runtime": 50}}