{"psnr_OUR_de": 1.8695259094238281, "psnr_EDVR_de": 1.7895317077636719, "_runtime": 89, "_timestamp": 1643788777, "_step": 99, "_wandb": {"runtime": 88}}