{"psnr_OUR_de": 3.151845932006836, "psnr_EDVR_de": 3.1996421813964844, "_runtime": 30, "_timestamp": 1642069138, "_step": 99, "_wandb": {"runtime": 28}}