{"psnr_OUR_de": 3.286479949951172, "psnr_EDVR_de": 3.0427284240722656, "_runtime": 88, "_timestamp": 1643789118, "_step": 99, "_wandb": {"runtime": 87}}