{"psnr_OUR": 25.79874038696289, "psnr_EDVR": 25.798189163208008, "psnr_ROOT": 24.00564193725586, "_runtime": 31, "_timestamp": 1642054408, "_step": 99, "_wandb": {"runtime": 28}}