{"psnr_OUR_de": 3.05084228515625, "psnr_EDVR_de": 3.1996402740478516, "_runtime": 91, "_timestamp": 1643788989, "_step": 99, "_wandb": {"runtime": 90}}