{"psnr_OUR_de": 3.0508575439453125, "psnr_EDVR_de": 3.1996402740478516, "_runtime": 94, "_timestamp": 1643791875, "_step": 99, "_wandb": {"runtime": 93}}