{"psnr_OUR_de": 2.4838104248046875, "psnr_EDVR_de": 2.437307357788086, "_runtime": 88, "_timestamp": 1643789272, "_step": 99, "_wandb": {"runtime": 87}}