{"psnr_OUR_de": 2.9468154907226562, "psnr_EDVR_de": 3.1996536254882812, "_runtime": 91, "_timestamp": 1643790086, "_step": 99, "_wandb": {"runtime": 90}}