{"psnr_OUR_de": 1.0933399200439453, "psnr_EDVR_de": 0.8746166229248047, "_runtime": 24, "_timestamp": 1643791470, "_step": 33, "_wandb": {"runtime": 22}}