{"video_id": "062", "epoch": 0, "loss": 0.002425236045382917, "_runtime": 24691, "_timestamp": 1644148547, "_step": 4159, "psnr": 26.232099533081055}