{"psnr_OUR_de": 1.4374885559082031, "psnr_EDVR_de": 1.2219772338867188, "_runtime": 26, "_timestamp": 1642070079, "_step": 80, "_wandb": {"runtime": 23}}