{"psnr_OUR_de": -1.9328193664550781, "psnr_EDVR_de": -1.9786605834960938, "_runtime": 204, "_timestamp": 1642071523, "_step": 244, "_wandb": {"runtime": 202}}