{"psnr_OUR_de": 1.1388969421386719, "psnr_EDVR_de": 1.4250812530517578, "_runtime": 130, "_timestamp": 1642068325, "_step": 144, "_wandb": {"runtime": 128}}