{"psnr_OUR_de": 0.88330078125, "psnr_EDVR_de": 0.6485691070556641, "_runtime": 208, "_timestamp": 1643788632, "_step": 244, "_wandb": {"runtime": 207}}