{"psnr_OUR_de": 3.1831092834472656, "psnr_EDVR_de": 2.8161849975585938, "_runtime": 25, "_timestamp": 1643791622, "_step": 46, "_wandb": {"runtime": 23}}