{"psnr_OUR_de": 1.417999267578125, "psnr_EDVR_de": 1.201253890991211, "_runtime": 210, "_timestamp": 1642069483, "_step": 244, "_wandb": {"runtime": 208}}