{"psnr_OUR_de": 1.4100780487060547, "psnr_EDVR_de": 1.2028675079345703, "_runtime": 21, "_timestamp": 1642069996, "_step": 63, "_wandb": {"runtime": 20}}